Model,Accuracy,Precision,Recall,F1 Score,ROC-AUC
Logistic Regression,0.90795,0.9400551088117866,0.9556940315572833,0.94781006378455,0.9532756783597769
Decision Tree,0.93435,0.9610715303505272,0.9639835353304368,0.9625253303650426,0.8458274933430494
Random Forest,0.95485,0.9978990335554355,0.9503773153441574,0.9735586073614243,0.9740475573066714
XGBoost,0.95125,0.9924274044481546,0.9515206951749371,0.9715436476665791,0.9743729281939228
